Step,Mu,Sigma,Hamiltonian,Error
0,0.75,0.7,-0.390104,0.0132431
1,0.675564,0.690249,-0.311056,0.0132937
2,0.668025,0.754159,-0.293063,0.0186609
3,0.643095,0.664484,-0.281041,0.0197791
4,0.595852,0.576825,-0.238807,0.0126137
5,0.545756,0.544375,-0.075177,0.0111385
6,0.551364,0.502658,-0.0592204,0.0101401
7,0.625045,0.469069,-0.0689926,0.0136829
8,0.723062,0.50796,-0.218763,0.0126028
9,0.664829,0.411052,0.325082,0.0223449
10,0.746908,0.449192,0.0943368,0.0148096
11,0.779496,0.494335,-0.144011,0.0141891
12,0.814443,0.491481,-0.12106,0.0132312
13,0.884821,0.445044,0.18877,0.0165666
14,0.803728,0.424172,0.308488,0.0217734
15,0.803728,0.424172,0.284234,0.0148671
16,0.803728,0.424172,0.258852,0.022729
17,0.735947,0.339595,1.2053,0.033431
18,0.735947,0.339595,1.28509,0.0326709
19,0.735947,0.339595,1.30117,0.0366619
20,0.777813,0.307682,1.7734,0.0468103
21,0.835162,0.403872,0.454572,0.0229728
22,0.738376,0.436165,0.176033,0.0200512
23,0.799946,0.397131,0.518943,0.0246889
24,0.846277,0.489536,-0.0791668,0.0117925
25,0.780067,0.512322,-0.199478,0.00979583
26,0.838012,0.541922,-0.270234,0.0118252
27,0.805647,0.535537,-0.276814,0.0110899
28,0.803597,0.57365,-0.357187,0.00912295
29,0.760137,0.58905,-0.363169,0.0114156
30,0.699205,0.634674,-0.356097,0.00977593
31,0.642532,0.731379,-0.254574,0.0173892
32,0.691194,0.719603,-0.317219,0.0165127
33,0.751623,0.72187,-0.394251,0.0131434
34,0.786241,0.634198,-0.381272,0.0223477
35,0.73164,0.699208,-0.339151,0.0253529
36,0.701179,0.731983,-0.300585,0.0296062
37,0.744709,0.700255,-0.373264,0.0245704
38,0.813626,0.719413,-0.356018,0.0230551
39,0.814341,0.683167,-0.374985,0.0273587
40,0.832778,0.722534,-0.369847,0.0227074
41,0.882753,0.708698,-0.281446,0.0422685
42,0.871314,0.703257,-0.282317,0.0407818
43,0.868682,0.64891,-0.371393,0.0188199
44,0.912474,0.565907,-0.214548,0.034529
45,0.942038,0.495556,-0.0324089,0.011683
46,0.87042,0.459676,0.0866512,0.0163488
47,0.855334,0.493457,-0.0815945,0.0119795
48,0.871546,0.476302,-0.00801175,0.0121188
49,0.784358,0.46399,0.00733393,0.0164354
50,0.845299,0.489158,-0.0631895,0.0123224
51,0.896739,0.409062,0.417961,0.0185287
52,0.804214,0.358234,0.991675,0.0300291
53,0.788585,0.363478,0.887096,0.0307912
54,0.703681,0.458037,-0.0019589,0.0186458
55,0.703681,0.458037,0.00779452,0.0162514
56,0.726472,0.43071,0.225536,0.0185657
57,0.726472,0.43071,0.183538,0.0194743
58,0.672082,0.509383,-0.229623,0.0107055
59,0.758253,0.596909,-0.372765,0.0101988
60,0.666679,0.644928,-0.303685,0.0169866
61,0.705511,0.713598,-0.318721,0.0178968
62,0.702893,0.70313,-0.298396,0.0206733
63,0.706892,0.716193,-0.347568,0.0134974
64,0.795448,0.660381,-0.364523,0.0249092
65,0.858188,0.589234,-0.339143,0.0146011
66,0.858188,0.589234,-0.342455,0.0217588
67,0.850829,0.656989,-0.429616,0.0111112
68,0.800205,0.724842,-0.310472,0.0317469
69,0.820082,0.643177,-0.400065,0.0145023
70,0.745341,0.551727,-0.316362,0.0104709
71,0.775265,0.626934,-0.395946,0.00955652
72,0.812279,0.720512,-0.291133,0.0629217
73,0.884127,0.68081,-0.314873,0.03912
74,0.791778,0.736576,-0.355677,0.0182633
75,0.69797,0.656011,-0.329182,0.0141881
76,0.666045,0.707366,-0.294334,0.0159346
77,0.748098,0.802212,-0.174451,0.106649
78,0.730475,0.705847,-0.36347,0.0159364
79,0.654417,0.717156,-0.293333,0.0169696
80,0.676928,0.800525,-0.21379,0.0324226
81,0.626489,0.896978,-0.111685,0.0485691
82,0.545653,0.827992,-0.107325,0.0422033
83,0.485501,0.764934,-0.072584,0.018353
84,0.569675,0.682833,-0.170822,0.0151217
85,0.598924,0.66883,-0.236765,0.0130049
86,0.609081,0.671563,-0.241963,0.0149431
87,0.512981,0.6587,-0.0355658,0.0152742
88,0.462423,0.624732,0.0947312,0.0181138
89,0.392961,0.535718,0.376722,0.0202293
90,0.31551,0.56229,0.631419,0.0232291
91,0.303335,0.551894,0.736262,0.0259578
92,0.365015,0.634569,0.357589,0.0181659
93,0.398893,0.563062,0.360584,0.020397
94,0.380889,0.53513,0.468451,0.0222975
95,0.408756,0.564646,0.330678,0.01771
96,0.430426,0.576906,0.252347,0.0171148
97,0.34639,0.595608,0.466632,0.0238804
98,0.34639,0.595608,0.49958,0.0230183
99,0.432918,0.531983,0.254056,0.0184822
100,0.362723,0.504384,0.585618,0.0218464
101,0.362723,0.504384,0.545,0.0182515
102,0.362723,0.504384,0.597472,0.0179858
103,0.310528,0.505248,0.88934,0.0265493
104,0.270168,0.449409,1.23953,0.0258009
105,0.270168,0.449409,1.23159,0.0274257
106,0.270168,0.449409,1.28291,0.0264033
107,0.235825,0.493196,1.26269,0.0297644
108,0.221779,0.517176,1.19721,0.0297027
109,0.253759,0.593911,0.783733,0.0271807
110,0.333889,0.524569,0.636405,0.02558
111,0.356631,0.623203,0.391704,0.0229972
112,0.315998,0.599152,0.567626,0.0240028
113,0.234202,0.675381,0.569236,0.0248309
114,0.273267,0.681822,0.431427,0.0269207
115,0.230688,0.743061,0.391138,0.0233181
116,0.167479,0.805335,0.249589,0.0221099
117,0.223009,0.779428,0.271524,0.0218342
118,0.303762,0.734185,0.288137,0.0205354
119,0.37623,0.776474,0.10031,0.0189766
120,0.424316,0.730392,0.0811055,0.0201815
121,0.427291,0.661368,0.164981,0.0194717
122,0.390337,0.657424,0.261243,0.0197857
123,0.338887,0.609434,0.463503,0.0216133
124,0.349098,0.577084,0.504871,0.0238799
125,0.3696,0.575856,0.379585,0.0235087
126,0.361713,0.484609,0.639761,0.0191677
127,0.361713,0.484609,0.638869,0.0222073
128,0.270184,0.524386,0.94979,0.0299452
129,0.270184,0.524386,0.969901,0.0260917
130,0.369895,0.579788,0.429793,0.0188958
131,0.425834,0.670876,0.0968944,0.0195201
132,0.426111,0.740557,0.0587756,0.0203521
133,0.424867,0.779737,0.034573,0.02284
134,0.347354,0.847762,0.0604898,0.0262073
135,0.408961,0.853137,-0.00553846,0.0230879
136,0.408961,0.853137,-0.0223799,0.02569
137,0.49006,0.904332,-0.0793923,0.0280961
138,0.432855,0.928126,-0.0581629,0.0217138
139,0.432855,0.928126,-0.00583224,0.0399402
140,0.500451,0.926036,-0.0845016,0.021585
141,0.556944,0.984522,-0.0350344,0.0510368
142,0.60703,0.89446,-0.155281,0.0302115
143,0.58778,0.802342,-0.132045,0.0262231
144,0.675217,0.845752,-0.166356,0.0419402
145,0.71346,0.810782,-0.19747,0.0521583
146,0.654669,0.807126,-0.23994,0.0215944
147,0.645265,0.784658,-0.175247,0.0348186
148,0.721837,0.749449,-0.311151,0.0236049
149,0.728666,0.661437,-0.390387,0.0103536
150,0.645946,0.606393,-0.308469,0.0101185
151,0.584267,0.544002,-0.172694,0.0123788
152,0.663424,0.601435,-0.3135,0.00847308
153,0.759889,0.537247,-0.284745,0.00974728
154,0.8223,0.55722,-0.320185,0.00922864
155,0.8223,0.55722,-0.326602,0.00846155
156,0.911779,0.527771,-0.198007,0.0099059
157,0.911779,0.527771,-0.152191,0.0127866
158,0.922056,0.550408,-0.192488,0.0228454
159,0.960497,0.539774,-0.167962,0.0128739
160,0.973054,0.597874,-0.214771,0.0348627
161,0.973054,0.597874,-0.252298,0.0210114
162,0.972266,0.65986,-0.163591,0.0431543
163,0.972266,0.65986,-0.236664,0.0465424
164,0.930108,0.596303,-0.295182,0.0163871
165,0.997351,0.596219,-0.178039,0.0295743
166,1.0317,0.607994,-0.140189,0.027802
167,1.01255,0.56926,-0.126175,0.0240726
168,1.01083,0.471879,0.1162,0.0139466
169,0.920913,0.435547,0.282992,0.0158449
170,0.865005,0.461446,0.0609976,0.0138896
171,0.915747,0.424218,0.313916,0.0185563
172,0.82912,0.462145,0.0560897,0.0153806
173,0.80745,0.495352,-0.135625,0.0123433
174,0.765909,0.567941,-0.358164,0.0105017
175,0.765909,0.567941,-0.331886,0.0181855
176,0.804423,0.511553,-0.211842,0.00995452
177,0.804423,0.511553,-0.203425,0.00916136
178,0.832968,0.486057,-0.0678152,0.0152969
179,0.832968,0.486057,-0.0626757,0.0144945
180,0.85655,0.445405,0.14965,0.0161067
181,0.85655,0.445405,0.163524,0.014862
182,0.955225,0.48628,0.0118803,0.0114062
183,0.955225,0.48628,0.00258411,0.011263
184,0.930031,0.550526,-0.195029,0.0119665
185,0.854995,0.582726,-0.336397,0.0147713
186,0.934503,0.613213,-0.278588,0.0188839
187,0.934503,0.613213,-0.282146,0.0209664
188,1.00559,0.699938,-0.0991168,0.0655276
189,0.979283,0.678933,-0.261889,0.0277722
190,0.95215,0.649226,-0.259336,0.0306744
191,0.856584,0.736299,-0.335437,0.021426
192,0.911009,0.718248,-0.283805,0.0341405
193,0.911009,0.718248,-0.28506,0.0403372
194,0.911009,0.718248,-0.313114,0.0294977
195,0.931037,0.741839,-0.193663,0.0434203
196,0.955206,0.694715,-0.136383,0.0580976
197,0.861151,0.67403,-0.38216,0.0214495
198,0.770089,0.643832,-0.380867,0.0199747
199,0.770089,0.643832,-0.406792,0.0111145
200,0.865892,0.60112,-0.332887,0.014929
201,0.917996,0.599611,-0.317444,0.017251
202,0.844605,0.621888,-0.384472,0.0155007
203,0.878714,0.680246,-0.356848,0.025163
204,0.830207,0.735421,-0.312949,0.0277069
205,0.798827,0.761195,-0.297574,0.0331909
206,0.765732,0.786515,-0.2658,0.032429
207,0.722457,0.851316,-0.216586,0.0366825
208,0.722457,0.851316,-0.212112,0.0318335
209,0.79067,0.816952,-0.111079,0.098946
210,0.706515,0.765701,-0.225302,0.0516123
211,0.804332,0.745384,-0.306355,0.0348037
212,0.750408,0.709939,-0.353273,0.0255326
213,0.651302,0.638659,-0.332053,0.0101753
214,0.691616,0.654681,-0.35564,0.0101833
215,0.691616,0.654681,-0.341684,0.0149205
216,0.790279,0.611558,-0.387404,0.0102887
217,0.707091,0.619123,-0.351662,0.0124235
218,0.663943,0.676219,-0.328005,0.0116394
219,0.584252,0.581122,-0.209596,0.0120976
220,0.584252,0.581122,-0.201232,0.0120973
221,0.638721,0.567404,-0.272207,0.0101996
222,0.64395,0.543443,-0.254324,0.0092975
223,0.560902,0.588676,-0.135371,0.00989395
224,0.65737,0.661865,-0.306365,0.0094113
225,0.676398,0.672186,-0.321979,0.0127123
226,0.691601,0.702738,-0.33208,0.0128425
227,0.651355,0.687454,-0.288749,0.0107048
228,0.718217,0.685045,-0.362358,0.0127564
229,0.706531,0.703287,-0.32275,0.0149343
230,0.755633,0.69426,-0.366614,0.0181435
231,0.660445,0.691876,-0.292427,0.0130405
232,0.712492,0.696626,-0.324505,0.0211709
233,0.744389,0.775189,-0.321985,0.0191495
234,0.696808,0.849126,-0.207139,0.0359286
235,0.654977,0.776598,-0.229701,0.0279344
236,0.702108,0.836356,-0.208923,0.033426
237,0.748166,0.809529,-0.275758,0.0275702
238,0.748166,0.809529,-0.215084,0.0317303
239,0.748166,0.809529,-0.237316,0.0312466
240,0.700417,0.831261,-0.181199,0.0480307
241,0.731869,0.816412,-0.177848,0.0440312
242,0.797078,0.841284,-0.228807,0.0367354
243,0.797078,0.841284,-0.203686,0.0624032
244,0.893634,0.758689,-0.172503,0.0616034
245,0.966476,0.701033,-0.243795,0.0340921
246,0.910676,0.776643,-0.180373,0.0531751
247,0.87459,0.834864,-0.128165,0.0482747
248,0.93264,0.772871,-0.15522,0.0532928
249,0.931491,0.708867,-0.26959,0.0278704
250,0.972167,0.628549,-0.233036,0.0275689
251,0.874138,0.558034,-0.298973,0.00860642
252,0.874138,0.558034,-0.292664,0.0125895
253,0.90985,0.521605,-0.176338,0.00858202
254,0.835796,0.60224,-0.382643,0.0109313
255,0.833253,0.658269,-0.386198,0.0262967
256,0.743697,0.690871,-0.394707,0.00934885
257,0.648927,0.696737,-0.276027,0.0154813
258,0.657163,0.645569,-0.327341,0.0094528
259,0.695601,0.646578,-0.357251,0.0126559
260,0.734978,0.67517,-0.379847,0.0137208
261,0.811055,0.610191,-0.375953,0.0131358
262,0.752482,0.623328,-0.369798,0.0214867
263,0.73636,0.720199,-0.335162,0.0145438
264,0.825265,0.761794,-0.271211,0.0533672
265,0.810757,0.850461,-0.210911,0.0495147
266,0.752916,0.801001,-0.253634,0.0282133
267,0.697516,0.740508,-0.324823,0.015506
268,0.643345,0.650209,-0.286778,0.0103796
269,0.64623,0.732491,-0.246481,0.0234075
270,0.586436,0.820522,-0.147222,0.0226908
271,0.675764,0.805621,-0.252448,0.0235888
272,0.66874,0.872434,-0.0364243,0.0883991
273,0.754412,0.855763,-0.132975,0.0559846
274,0.791961,0.775641,-0.247118,0.0501915
275,0.791961,0.775641,-0.2619,0.0390625
276,0.809176,0.734873,-0.320046,0.0324368
277,0.84019,0.702609,-0.333832,0.0339393
278,0.93922,0.637504,-0.287677,0.0242534
279,0.866506,0.711981,-0.320916,0.0295761
280,0.841149,0.750577,-0.302944,0.0305303
281,0.799236,0.786314,-0.328534,0.0252901
282,0.799236,0.786314,-0.262024,0.0425285
283,0.799236,0.786314,-0.216616,0.0502365
284,0.799077,0.790429,-0.258779,0.0407574
285,0.799077,0.790429,-0.255274,0.0384291
286,0.765368,0.729456,-0.308764,0.031672
287,0.795248,0.768434,-0.326454,0.0214569
288,0.745568,0.676646,-0.326334,0.0291771
289,0.656014,0.662667,-0.291021,0.0186812
290,0.72988,0.747366,-0.305718,0.0258196
291,0.72988,0.747366,-0.332842,0.0161121
292,0.776625,0.69733,-0.360547,0.022811
293,0.68202,0.609322,-0.350952,0.00879618
294,0.68202,0.609322,-0.338142,0.00970213
295,0.68202,0.609322,-0.344485,0.00929557
296,0.633044,0.640765,-0.28146,0.0125575
297,0.693205,0.664671,-0.323123,0.0153579
298,0.626516,0.646454,-0.279701,0.0129578
299,0.706175,0.656433,-0.336027,0.0234339
300,0.658608,0.728943,-0.269256,0.0193613
301,0.666884,0.672711,-0.337017,0.0133216
302,0.623835,0.739181,-0.17966,0.06487
303,0.629261,0.742695,-0.239656,0.0197111
304,0.615044,0.746167,-0.212509,0.0163741
305,0.533226,0.70359,-0.115403,0.0163441
306,0.533226,0.70359,-0.0909835,0.019574
307,0.5695,0.653776,-0.155304,0.02031
308,0.549562,0.747957,-0.174587,0.0167516
309,0.549562,0.747957,-0.143374,0.0161672
310,0.549562,0.747957,-0.167751,0.0169341
311,0.549562,0.747957,-0.105812,0.0174339
312,0.549562,0.747957,-0.11416,0.0256114
313,0.631603,0.738963,-0.232261,0.0149645
314,0.586697,0.778647,-0.153621,0.027741
315,0.586697,0.778647,-0.163744,0.0192786
316,0.597749,0.7608,-0.209225,0.0148188
317,0.597749,0.7608,-0.17507,0.0246431
318,0.597749,0.7608,-0.133831,0.0311267
319,0.509451,0.74846,-0.0887175,0.0174026
320,0.544179,0.697133,-0.123792,0.0153544
321,0.576307,0.701157,-0.171201,0.0133934
322,0.588274,0.607371,-0.18857,0.0130385
323,0.687561,0.58148,-0.349108,0.00855095
324,0.687561,0.58148,-0.340331,0.00821274
325,0.757569,0.564681,-0.339351,0.015749
326,0.757569,0.564681,-0.352709,0.00964398
327,0.757569,0.564681,-0.350856,0.009033
328,0.695892,0.573331,-0.345623,0.00759976
329,0.657425,0.631115,-0.312838,0.013147
330,0.580141,0.708443,-0.20263,0.0145006
331,0.655055,0.708604,-0.296587,0.0141581
332,0.655055,0.708604,-0.294444,0.0156435
333,0.655055,0.708604,-0.273092,0.0200892
334,0.655055,0.708604,-0.278693,0.0137806
335,0.655055,0.708604,-0.265434,0.0185818
336,0.73412,0.63295,-0.403537,0.00798425
337,0.800247,0.691657,-0.38964,0.0174395
338,0.800247,0.691657,-0.312493,0.0312584
339,0.739036,0.651969,-0.37242,0.0167397
340,0.747956,0.660037,-0.379892,0.0190726
341,0.760593,0.661514,-0.384788,0.0147524
342,0.760593,0.661514,-0.403359,0.00998146
343,0.760593,0.661514,-0.390379,0.0120577
344,0.755538,0.651477,-0.380719,0.0142065
345,0.731942,0.612492,-0.372092,0.00964905
346,0.773957,0.626879,-0.396273,0.0155299
347,0.824898,0.623163,-0.411087,0.0131392
348,0.824898,0.623163,-0.391928,0.0114979
349,0.882225,0.687994,-0.333587,0.0313899
350,0.791999,0.603131,-0.382387,0.011227
351,0.823595,0.586094,-0.361901,0.0119245
352,0.891431,0.618468,-0.351978,0.0181318
353,0.891431,0.618468,-0.307971,0.0202449
354,0.891431,0.618468,-0.308954,0.023242
355,0.891431,0.618468,-0.321237,0.0205153
356,0.891431,0.618468,-0.320544,0.0402758
357,0.938587,0.708141,-0.303127,0.0284646
358,0.938587,0.708141,-0.248333,0.045131
359,0.907097,0.674273,-0.352019,0.0267187
360,0.907097,0.674273,-0.301219,0.0374422
361,0.832336,0.645302,-0.387726,0.0177095
362,0.832336,0.645302,-0.377573,0.0170855
363,0.862679,0.686342,-0.376025,0.0250845
364,0.862679,0.686342,-0.379543,0.0177186
365,0.812068,0.591856,-0.381045,0.00942218
366,0.812068,0.591856,-0.399226,0.00546736
367,0.812068,0.591856,-0.361841,0.0125916
368,0.812068,0.591856,-0.3634,0.0132913
369,0.812068,0.591856,-0.341653,0.0138992
370,0.888024,0.658903,-0.351329,0.0316119
371,0.888024,0.658903,-0.359936,0.0188467
372,0.888024,0.658903,-0.363851,0.0199678
373,0.893447,0.640752,-0.315659,0.0310382
374,0.824113,0.668139,-0.412896,0.0171567
375,0.824113,0.668139,-0.384129,0.0220136
376,0.818816,0.746339,-0.300824,0.036435
377,0.839002,0.656441,-0.345389,0.0304594
378,0.89057,0.649393,-0.333723,0.0240854
379,0.811019,0.620928,-0.373851,0.0142959
380,0.742838,0.591651,-0.374299,0.0139004
381,0.676371,0.579048,-0.318463,0.00906871
382,0.71012,0.568206,-0.341322,0.0071164
383,0.71012,0.568206,-0.347305,0.00777956
384,0.749104,0.576787,-0.373211,0.00905576
385,0.749104,0.576787,-0.370193,0.00618838
386,0.712088,0.675576,-0.363926,0.0115586
387,0.712088,0.675576,-0.371317,0.0118383
388,0.785898,0.578053,-0.363967,0.00887753
389,0.785898,0.578053,-0.359815,0.0100756
390,0.784993,0.611809,-0.389366,0.0140242
391,0.773643,0.656491,-0.366447,0.0205745
392,0.868619,0.620927,-0.375632,0.0140939
393,0.868619,0.620927,-0.358249,0.02078
394,0.868619,0.620927,-0.332696,0.0183533
395,0.836166,0.586974,-0.355762,0.0145834
396,0.836166,0.586974,-0.366308,0.0103408
397,0.764672,0.640164,-0.384891,0.0171911
398,0.688916,0.599682,-0.358384,0.00888487
399,0.688916,0.599682,-0.349447,0.00751682
400,0.684432,0.680552,-0.329535,0.012951
401,0.706912,0.696523,-0.323624,0.0220054
402,0.756172,0.70376,-0.367743,0.0178424
403,0.831713,0.647098,-0.41862,0.0122917
404,0.831713,0.647098,-0.395822,0.0165134
405,0.831713,0.647098,-0.376623,0.017789
406,0.867302,0.577525,-0.325786,0.0127147
407,0.867302,0.577525,-0.317265,0.012474
408,0.867302,0.577525,-0.318195,0.0139863
409,0.776343,0.551656,-0.32011,0.00809411
410,0.776343,0.551656,-0.319897,0.0116643
411,0.822766,0.551872,-0.314455,0.00956573
412,0.822766,0.551872,-0.292096,0.0128891
413,0.822766,0.551872,-0.305564,0.00886903
414,0.822766,0.551872,-0.307123,0.00830656
415,0.822766,0.551872,-0.304886,0.00971192
416,0.822766,0.551872,-0.302524,0.00919824
417,0.852414,0.598202,-0.376541,0.0110703
418,0.852414,0.598202,-0.380634,0.0119955
419,0.798388,0.603967,-0.404418,0.00774372
420,0.798388,0.603967,-0.379959,0.0127946
421,0.756656,0.611178,-0.393267,0.0101064
422,0.692224,0.649113,-0.375245,0.00797789
423,0.785142,0.718593,-0.344707,0.0235401
424,0.785142,0.718593,-0.253786,0.040783
425,0.695187,0.685845,-0.348168,0.0123979
426,0.695187,0.685845,-0.347842,0.0133365
427,0.695187,0.685845,-0.347154,0.013196
428,0.674986,0.586677,-0.321308,0.00979884
429,0.674986,0.586677,-0.338441,0.00847212
430,0.728935,0.581076,-0.368464,0.00726624
431,0.821634,0.540476,-0.286281,0.00969068
432,0.736336,0.531788,-0.272904,0.0112215
433,0.731819,0.533614,-0.291178,0.00904384
434,0.736095,0.553198,-0.323606,0.00667777
435,0.801578,0.574202,-0.357873,0.00847169
436,0.801578,0.574202,-0.353824,0.0129104
437,0.801578,0.574202,-0.337262,0.0111965
438,0.801578,0.574202,-0.35461,0.013099
439,0.890087,0.63968,-0.369005,0.0226935
440,0.890087,0.63968,-0.342887,0.0214971
441,0.890087,0.63968,-0.346805,0.0222259
442,0.890087,0.63968,-0.319902,0.031366
443,0.915284,0.655167,-0.281841,0.0285857
444,0.915284,0.655167,-0.313487,0.0241255
445,0.915284,0.655167,-0.286172,0.0329843
446,0.915284,0.655167,-0.367311,0.0176989
447,0.915284,0.655167,-0.275422,0.0374795
448,0.915284,0.655167,-0.304813,0.0302504
449,0.915284,0.655167,-0.31247,0.0288645
450,0.915284,0.655167,-0.338861,0.0249196
451,0.877145,0.587681,-0.31366,0.0152731
452,0.79471,0.610167,-0.392178,0.0136485
453,0.79471,0.610167,-0.384985,0.0124864
454,0.79471,0.610167,-0.375478,0.0201392
455,0.79471,0.610167,-0.383008,0.0130608
456,0.796886,0.653496,-0.364203,0.0231529
457,0.828501,0.747931,-0.271154,0.0390398
458,0.828501,0.747931,-0.318293,0.0387778
459,0.911874,0.754267,-0.188588,0.0450257
460,0.967605,0.693322,-0.260901,0.0363514
461,0.967605,0.693322,-0.180125,0.0437095
462,0.883803,0.601626,-0.305321,0.0255548
463,0.841907,0.589804,-0.361877,0.0138973
464,0.824476,0.623616,-0.369297,0.0197302
465,0.854671,0.626969,-0.411849,0.0106475
466,0.854671,0.626969,-0.378596,0.0151147
467,0.854671,0.626969,-0.387342,0.0141394
468,0.854671,0.626969,-0.384069,0.0122328
469,0.854671,0.626969,-0.360128,0.0192415
470,0.854671,0.626969,-0.393449,0.0149465
471,0.854671,0.626969,-0.389753,0.0140274
472,0.854671,0.626969,-0.361815,0.0348102
473,0.854671,0.626969,-0.351077,0.0223245
474,0.80766,0.724092,-0.34906,0.0237806
475,0.80766,0.724092,-0.314696,0.0331141
476,0.80766,0.724092,-0.303515,0.0351216
477,0.777543,0.685587,-0.376298,0.0167715
478,0.777543,0.685587,-0.321707,0.0542492
479,0.784038,0.611787,-0.380722,0.012354
480,0.784038,0.611787,-0.382831,0.0100228
481,0.870612,0.592224,-0.353803,0.0135417
482,0.799114,0.573317,-0.363387,0.00850585
483,0.799114,0.573317,-0.351918,0.0104449
484,0.799114,0.573317,-0.34688,0.0119746
485,0.70879,0.60464,-0.360356,0.00939417
486,0.743167,0.590571,-0.364544,0.0106783
487,0.743167,0.590571,-0.372651,0.0139272
488,0.812375,0.63007,-0.386665,0.0247055
489,0.812375,0.63007,-0.410184,0.00993526
490,0.812375,0.63007,-0.378627,0.0215464
491,0.853612,0.703056,-0.314014,0.0305278
492,0.853612,0.703056,-0.334502,0.0248675
493,0.837368,0.68486,-0.322766,0.0315926
494,0.827282,0.705158,-0.324098,0.0276951
495,0.827282,0.705158,-0.3778,0.0307754
496,0.827282,0.705158,-0.375216,0.0231288
497,0.827282,0.705158,-0.350615,0.036692
498,0.774243,0.710866,-0.376022,0.0195905
499,0.774243,0.710866,-0.339858,0.028042
500,0.744173,0.669838,-0.401946,0.0140143
501,0.744173,0.669838,-0.367985,0.0198485
502,0.744173,0.669838,-0.347392,0.0215023
503,0.744173,0.669838,-0.401304,0.00936543
504,0.744173,0.669838,-0.373781,0.0176615
505,0.744173,0.669838,-0.343363,0.025616
506,0.797307,0.724593,-0.333609,0.021105
507,0.805723,0.721498,-0.380332,0.0180987
508,0.805723,0.721498,-0.32434,0.0298294
509,0.717195,0.681693,-0.362194,0.0119641
510,0.717195,0.681693,-0.316531,0.027424
511,0.711517,0.631777,-0.382919,0.0111954
512,0.711517,0.631777,-0.375324,0.00848123
513,0.711517,0.631777,-0.357157,0.014523
514,0.711517,0.631777,-0.372717,0.00900985
515,0.711517,0.631777,-0.380984,0.0126391
516,0.728785,0.625487,-0.388688,0.00841926
517,0.728785,0.625487,-0.372372,0.0115551
518,0.728785,0.625487,-0.371835,0.0123299
519,0.728785,0.625487,-0.391231,0.00831672
520,0.822224,0.647826,-0.415003,0.0145651
521,0.822224,0.647826,-0.399086,0.0180298
522,0.822224,0.647826,-0.40354,0.0123017
523,0.822224,0.647826,-0.420883,0.0117787
524,0.822224,0.647826,-0.399833,0.0168588
525,0.822224,0.647826,-0.414709,0.0110426
526,0.822224,0.647826,-0.39671,0.0155896
527,0.822224,0.647826,-0.374574,0.0192621
528,0.822224,0.647826,-0.381559,0.0228173
529,0.822224,0.647826,-0.392543,0.0180216
530,0.822224,0.647826,-0.363746,0.0265776
531,0.772035,0.66248,-0.390506,0.0185161
532,0.787211,0.707588,-0.341043,0.0289707
533,0.787211,0.707588,-0.369317,0.0240556
534,0.787211,0.707588,-0.333002,0.0273226
535,0.776908,0.66119,-0.392147,0.0169626
536,0.776908,0.66119,-0.387649,0.0122791
537,0.776908,0.66119,-0.395599,0.0121116
538,0.776908,0.66119,-0.365869,0.0224145
539,0.814082,0.660191,-0.357059,0.0220893
540,0.814082,0.660191,-0.318918,0.0470147
541,0.887463,0.691436,-0.313105,0.0476621
542,0.887463,0.691436,-0.31518,0.0364471
543,0.898825,0.59527,-0.312738,0.0161176
544,0.890983,0.621961,-0.357277,0.0168409
545,0.890983,0.621961,-0.368395,0.0142314
546,0.833773,0.679394,-0.334883,0.0360617
547,0.833773,0.679394,-0.322228,0.0503994
548,0.833773,0.679394,-0.335306,0.0362378
549,0.828578,0.670623,-0.39657,0.0188236
550,0.828578,0.670623,-0.35334,0.0283162
551,0.834423,0.626279,-0.376428,0.0207579
552,0.822198,0.585483,-0.380675,0.00960316
553,0.845422,0.615643,-0.411442,0.00825308
554,0.845422,0.615643,-0.380096,0.0198501
555,0.845422,0.615643,-0.355521,0.0169415
556,0.845422,0.615643,-0.363383,0.0247796
557,0.845422,0.615643,-0.382653,0.0130592
558,0.845422,0.615643,-0.364167,0.0184822
559,0.845422,0.615643,-0.319219,0.0247837
560,0.842109,0.669493,-0.354674,0.0323023
561,0.760984,0.659286,-0.410217,0.0113347
562,0.760984,0.659286,-0.388929,0.0181924
563,0.760984,0.659286,-0.400181,0.0120067
564,0.760984,0.659286,-0.404445,0.00971081
565,0.760984,0.659286,-0.414453,0.00994465
566,0.760984,0.659286,-0.366479,0.0178051
567,0.702623,0.658181,-0.33904,0.0111697
568,0.778505,0.729339,-0.333169,0.0287171
569,0.695807,0.652903,-0.350185,0.0122574
570,0.695807,0.652903,-0.341165,0.0148655
571,0.707377,0.627907,-0.363944,0.00659382
572,0.707377,0.627907,-0.357414,0.0124307
573,0.707377,0.627907,-0.375316,0.0107898
574,0.707377,0.627907,-0.361559,0.00962133
575,0.707377,0.627907,-0.3695,0.0130899
576,0.784367,0.591353,-0.393334,0.0098609
577,0.784367,0.591353,-0.373351,0.0122992
578,0.784367,0.591353,-0.378419,0.00961681
579,0.880026,0.637357,-0.378084,0.016181
580,0.880026,0.637357,-0.32826,0.026545
581,0.880026,0.637357,-0.316941,0.042034
582,0.880026,0.637357,-0.34021,0.0247954
583,0.880026,0.637357,-0.349165,0.0193789
584,0.880026,0.637357,-0.39093,0.0141589
585,0.880026,0.637357,-0.356733,0.0199324
586,0.801464,0.730893,-0.326908,0.0265923
587,0.717457,0.655455,-0.379016,0.00956971
588,0.717457,0.655455,-0.350336,0.0177929
589,0.815884,0.631354,-0.397669,0.0163234
590,0.815884,0.631354,-0.375252,0.0203943
591,0.815884,0.631354,-0.387221,0.021842
592,0.815884,0.631354,-0.404126,0.0101223
593,0.815884,0.631354,-0.387532,0.0144646
594,0.815884,0.631354,-0.397303,0.0177454
595,0.815884,0.631354,-0.383703,0.0163562
596,0.815884,0.631354,-0.403168,0.011492
597,0.815884,0.631354,-0.426697,0.00750887
598,0.815884,0.631354,-0.411656,0.0106975
599,0.815884,0.631354,-0.369766,0.0192455
600,0.753663,0.616448,-0.384129,0.0146569
601,0.728282,0.644998,-0.378965,0.009467
602,0.728282,0.644998,-0.364209,0.0163731
603,0.792721,0.620346,-0.392961,0.0133677
604,0.792721,0.620346,-0.372695,0.0235916
605,0.792721,0.620346,-0.395451,0.0110972
606,0.792721,0.620346,-0.396852,0.0136407
607,0.792721,0.620346,-0.380579,0.0304428
608,0.780235,0.596111,-0.373266,0.0123292
609,0.845837,0.608761,-0.336901,0.0202912
610,0.845837,0.608761,-0.380334,0.0156652
611,0.845837,0.608761,-0.388237,0.0114115
612,0.845837,0.608761,-0.375375,0.0164243
613,0.856269,0.661423,-0.363324,0.0196187
614,0.800677,0.696222,-0.333295,0.025763
615,0.701153,0.609222,-0.376767,0.00800979
616,0.704997,0.664947,-0.315453,0.0233806
617,0.738632,0.594991,-0.38866,0.00774031
618,0.738632,0.594991,-0.380131,0.00974996
619,0.738632,0.594991,-0.383914,0.00689552
620,0.738632,0.594991,-0.352927,0.0147462
621,0.738632,0.594991,-0.374777,0.00799933
622,0.738632,0.594991,-0.367271,0.00803663
623,0.738632,0.594991,-0.370746,0.01025
624,0.738632,0.594991,-0.376847,0.00690561
625,0.738632,0.594991,-0.382448,0.00716864
626,0.738632,0.594991,-0.374298,0.01261
627,0.738632,0.594991,-0.395468,0.00885536
628,0.738632,0.594991,-0.365958,0.0119171
629,0.738632,0.594991,-0.373883,0.00893765
630,0.774425,0.670291,-0.356159,0.0237877
631,0.738518,0.580041,-0.365661,0.00799566
632,0.738518,0.580041,-0.370253,0.00889778
633,0.738518,0.580041,-0.34317,0.00918862
634,0.738518,0.580041,-0.370431,0.0070136
635,0.738518,0.580041,-0.367465,0.00807827
636,0.738518,0.580041,-0.362231,0.00718507
637,0.758291,0.601909,-0.369125,0.0130813
638,0.758291,0.601909,-0.387165,0.0078441
639,0.758291,0.601909,-0.371149,0.0134857
640,0.758291,0.601909,-0.354782,0.0295323
641,0.758291,0.601909,-0.387286,0.00688998
642,0.758291,0.601909,-0.384893,0.0138669
643,0.758291,0.601909,-0.385303,0.0106743
644,0.843822,0.624715,-0.377715,0.0149053
645,0.843822,0.624715,-0.363059,0.0176912
646,0.843822,0.624715,-0.39544,0.0134048
647,0.843822,0.624715,-0.363965,0.0287268
648,0.800657,0.596356,-0.375716,0.0112203
649,0.800657,0.596356,-0.370667,0.0134277
650,0.833657,0.633063,-0.376605,0.0200127
651,0.833657,0.633063,-0.357719,0.0189913
652,0.833657,0.633063,-0.395778,0.0134005
653,0.833657,0.633063,-0.385422,0.0148622
654,0.833657,0.633063,-0.419667,0.00895005
655,0.833657,0.633063,-0.412124,0.0109009
656,0.833657,0.633063,-0.39032,0.0187887
657,0.833657,0.633063,-0.398594,0.0121248
658,0.833657,0.633063,-0.380813,0.0203768
659,0.833657,0.633063,-0.401774,0.0120428
660,0.833657,0.633063,-0.411485,0.00895287
661,0.833657,0.633063,-0.371612,0.0180405
662,0.833657,0.633063,-0.394104,0.0146115
663,0.833657,0.633063,-0.387851,0.0114176
664,0.833657,0.633063,-0.363078,0.0240258
665,0.833657,0.633063,-0.401668,0.0121483
666,0.833657,0.633063,-0.367827,0.0248824
667,0.833657,0.633063,-0.408451,0.0189293
668,0.833657,0.633063,-0.369548,0.0220918
669,0.833657,0.633063,-0.404348,0.0129743
670,0.77992,0.641505,-0.40812,0.0104908
671,0.77992,0.641505,-0.416356,0.0099895
672,0.77992,0.641505,-0.382112,0.0141009
673,0.77992,0.641505,-0.408578,0.0171423
674,0.77992,0.641505,-0.39736,0.011075
675,0.77992,0.641505,-0.405806,0.01146
676,0.77992,0.641505,-0.405364,0.0101301
677,0.77992,0.641505,-0.417564,0.00840085
678,0.77992,0.641505,-0.398998,0.0171786
679,0.77992,0.641505,-0.352139,0.0249179
680,0.77992,0.641505,-0.413489,0.0108457
681,0.77992,0.641505,-0.36568,0.0273955
682,0.808485,0.637005,-0.388849,0.0203288
683,0.808485,0.637005,-0.404254,0.0122818
684,0.808485,0.637005,-0.402735,0.0137976
685,0.808485,0.637005,-0.411928,0.00916433
686,0.808485,0.637005,-0.32697,0.0319161
687,0.808485,0.637005,-0.394978,0.0167531
688,0.778347,0.598535,-0.38812,0.00921337
689,0.778347,0.598535,-0.382542,0.0122881
690,0.778347,0.598535,-0.368831,0.0134026
691,0.778347,0.598535,-0.38077,0.0140195
692,0.778347,0.598535,-0.384416,0.00762099
693,0.778347,0.598535,-0.372949,0.0156203
694,0.778347,0.598535,-0.38909,0.0113744
695,0.778347,0.598535,-0.402159,0.00683631
696,0.778347,0.598535,-0.362659,0.0155606
697,0.778347,0.598535,-0.389133,0.00777971
698,0.755791,0.603402,-0.389327,0.00825477
699,0.755791,0.603402,-0.400603,0.00806701
